name,length,mass
O1O_1,0.762,0.84734661
O_1O_2,0.254,0.29870661
O1O2,0.254,0.29870661
O3O_3,0.648,0.72422661
O2O4,0.615,0.67904403