linkage,length,mass(kg)
O1O_1,0.4826,0.199692
O_1O_2,0.1016,0.011295
O1O2,0.1016,0.173292
O3O_3,0.3937,0.177709
O2O4,0.3175,0.362304
